Car Model,Resale Value,Scrap Value,Condition,Years Used,Kilometers Driven
Mercedes-Benz C-Class,58070,146891,Average,10,48134
Cadillac ATS,176161,179381,Poor,4,212834
Lexus ES,58666,161691,Good,9,237579
Kia Optima,369905,64707,Good,2,35954
Audi A4,348512,227576,Good,19,196093
Mercedes-Benz C-Class,187855,208686,Poor,1,236999
Acura TLX,91914,252500,Good,7,220938
Kia Optima,251579,292425,Excellent,17,211499
Kia Optima,177738,188492,Average,3,277136
Chevrolet Malibu,296965,200102,Poor,3,11961
Audi A4,379670,247285,Good,3,22497
Ford Mustang,488981,189476,Excellent,17,266446
Honda Accord,332100,264554,Average,7,285399
Tesla Model 3,268967,190928,Average,14,145639
BMW 3 Series,358384,170272,Poor,17,245889
Honda Accord,433152,149273,Poor,18,189075
Toyota Camry,480364,202307,Poor,13,30389
Tesla Model 3,144270,278500,Excellent,18,185595
Tesla Model 3,316901,196129,Excellent,4,223175
Volvo S60,69097,162311,Poor,1,13358
Hyundai Sonata,191467,264746,Good,18,262557
Jaguar XE,197313,275546,Average,1,217596
Lexus ES,416036,226733,Average,13,264488
Lexus ES,208768,156945,Excellent,10,115982
Acura TLX,296726,75272,Average,11,238129
Tesla Model 3,382624,176470,Good,9,277842
Cadillac ATS,96163,150030,Average,9,103079
Ford Mustang,69816,36570,Excellent,5,65805
Nissan Altima,493056,39110,Excellent,1,172421
Acura TLX,283619,109141,Good,17,217849
Mercedes-Benz C-Class,364997,42115,Good,2,248483
Volkswagen Passat,205989,69062,Average,13,54041
Mercedes-Benz C-Class,146731,134061,Average,9,280146
Infiniti Q50,202638,31969,Excellent,4,117524
Chevrolet Malibu,256524,151863,Good,5,228306
Subaru Outback,112823,153008,Good,11,29738
Infiniti Q50,201878,184268,Good,19,282847
Volkswagen Passat,256592,135823,Average,3,123776
Honda Accord,51759,140677,Good,12,190494
Cadillac ATS,307164,276958,Excellent,19,202971
Lexus ES,485165,78320,Excellent,19,287785
Mercedes-Benz C-Class,404518,176649,Average,13,278449
Tesla Model 3,183554,155354,Poor,7,239334
Audi A4,336586,118009,Average,15,290926
Lexus ES,476935,287437,Poor,7,246371
Ford Mustang,143501,58625,Good,8,87963
Subaru Outback,314223,242112,Average,5,131987
Volvo S60,445933,66487,Excellent,14,161638
Chevrolet Malibu,109676,258071,Good,4,134591
Infiniti Q50,471168,203895,Excellent,10,77766
Audi A4,267516,131376,Good,15,16511
Chevrolet Malibu,223532,273341,Average,18,124816
Honda Accord,140397,188056,Poor,13,259432
BMW 3 Series,122847,140169,Good,8,276909
Hyundai Sonata,143607,66059,Poor,9,161426
Chevrolet Malibu,270178,133409,Good,16,296073
Infiniti Q50,199521,35704,Excellent,19,169892
Tesla Model 3,476752,234456,Excellent,16,121576
Honda Accord,114077,248200,Good,7,81088
Hyundai Sonata,350402,141279,Poor,14,87525
Chevrolet Malibu,229374,188280,Average,14,23780
Subaru Outback,307009,148516,Average,4,278733
Jaguar XE,472081,227096,Excellent,15,114188
Lexus ES,187717,262549,Average,3,103326
Audi A4,431915,59165,Excellent,5,75785
Subaru Outback,88000,97203,Average,1,29309
Audi A4,76737,296258,Good,3,64195
Jaguar XE,323629,66321,Excellent,15,35901
Mazda 6,350709,275014,Excellent,8,164648
Infiniti Q50,468738,186498,Good,4,35464
Lexus ES,431758,47772,Excellent,2,288404
Mazda 6,377299,295856,Average,10,134997
Volkswagen Passat,236240,268389,Average,4,66683
Lexus ES,102487,145142,Excellent,3,182502
Mazda 6,442092,121736,Average,2,166177
Toyota Camry,324486,81924,Poor,17,88484
Mercedes-Benz C-Class,352950,33726,Excellent,13,259819
Volkswagen Passat,360914,57723,Good,5,216486
Toyota Camry,128623,264182,Poor,9,151449
Tesla Model 3,415321,170180,Excellent,6,63592
Audi A4,443170,238786,Good,5,148419
Kia Optima,387773,65643,Average,10,65798
Acura TLX,433137,192396,Good,8,145370
Volvo S60,233675,244432,Poor,7,253767
Audi A4,439088,169999,Average,7,30922
Ford Mustang,263046,109973,Excellent,6,236817
Ford Mustang,155947,139834,Average,3,12866
Toyota Camry,338543,266386,Excellent,19,122669
Nissan Altima,178177,137522,Excellent,15,278042
Hyundai Sonata,266454,52612,Good,4,290539
Mercedes-Benz C-Class,159575,255049,Good,12,180091
Volkswagen Passat,423048,298615,Good,6,276150
Mercedes-Benz C-Class,257606,196703,Poor,19,175465
Volkswagen Passat,498322,270069,Poor,4,283100
Audi A4,342822,253131,Good,15,131724
Tesla Model 3,126218,61348,Poor,9,72901
Honda Accord,113230,225804,Average,5,210569
Toyota Camry,295756,293321,Average,13,127192
Jaguar XE,386199,165832,Poor,18,182646
Nissan Altima,499589,111889,Poor,5,104881
Ford Mustang,212552,83551,Average,16,252934
Tesla Model 3,384402,172635,Excellent,19,142659
Audi A4,89986,76819,Average,14,131688
Ford Mustang,205232,242781,Average,16,125584
Toyota Camry,397739,188059,Poor,15,195782
Ford Mustang,151358,219420,Average,4,232820
Nissan Altima,377073,54596,Poor,7,226896
Lexus ES,123506,89182,Poor,16,189689
Subaru Outback,84911,158803,Good,8,175289
Ford Mustang,399271,169978,Average,17,293028
Toyota Camry,475037,75379,Excellent,16,277598
Nissan Altima,256111,275900,Good,10,84960
Subaru Outback,425597,288517,Poor,10,112421
Mercedes-Benz C-Class,134458,167084,Poor,2,248245
Volkswagen Passat,62175,211187,Excellent,9,53618
Lexus ES,431379,299295,Poor,17,57111
Lexus ES,366915,87716,Average,11,226750
Hyundai Sonata,439301,253725,Good,10,130592
Mazda 6,171300,197450,Poor,17,244000
Acura TLX,136925,203724,Poor,4,265989
Mercedes-Benz C-Class,294446,233502,Excellent,16,138652
Volvo S60,116358,174539,Average,15,88672
Cadillac ATS,460543,151999,Poor,5,260351
Chevrolet Malibu,97057,144793,Excellent,6,227516
Nissan Altima,318294,42289,Poor,17,71602
Mercedes-Benz C-Class,316569,206048,Excellent,1,213117
Mazda 6,304726,204668,Excellent,19,247069
Lexus ES,328176,261513,Average,4,52222
Kia Optima,52198,287368,Poor,17,251084
Chevrolet Malibu,234466,116365,Average,9,252318
Mazda 6,463295,260662,Excellent,2,75333
Mercedes-Benz C-Class,217292,205211,Good,8,193804
Acura TLX,485090,209785,Poor,15,59420
Honda Accord,194931,102588,Good,7,85504
Hyundai Sonata,493676,93646,Poor,6,12462
Mazda 6,212491,295798,Average,1,281604
BMW 3 Series,431009,251097,Average,15,109319
Tesla Model 3,451921,235244,Average,7,266674
Tesla Model 3,486096,149735,Average,17,150347
Cadillac ATS,310910,185683,Average,2,154341
Kia Optima,73236,137971,Good,9,139593
Mercedes-Benz C-Class,137955,42149,Average,9,132672
Toyota Camry,266586,268976,Excellent,13,294697
Toyota Camry,153145,72668,Excellent,6,54036
Cadillac ATS,196430,118204,Good,6,158441
Mazda 6,280785,241830,Poor,3,152867
Volkswagen Passat,144914,226501,Excellent,17,80021
Ford Mustang,415014,195140,Poor,17,171215
Mercedes-Benz C-Class,257990,249861,Good,12,246304
BMW 3 Series,428387,170507,Poor,16,15368
Audi A4,64596,255160,Poor,15,145693
Volkswagen Passat,476788,213321,Poor,13,68829
Nissan Altima,182351,67384,Poor,1,286863
Toyota Camry,244269,111929,Good,17,39227
Acura TLX,423640,106153,Excellent,3,119430
Hyundai Sonata,442417,265128,Average,15,22306
Tesla Model 3,188155,105388,Poor,4,63822
Lexus ES,170674,61401,Excellent,4,34042
Volkswagen Passat,432451,232903,Excellent,18,158459
Cadillac ATS,307529,149503,Good,17,99424
Volvo S60,290469,262601,Excellent,19,192690
Volvo S60,460987,157834,Good,11,233122
Cadillac ATS,473191,64084,Poor,3,159395
Tesla Model 3,488864,281459,Poor,8,28019
Mercedes-Benz C-Class,306713,140641,Average,14,50863
Honda Accord,491501,135111,Average,1,121023
Ford Mustang,69063,168299,Average,14,151355
Volvo S60,117642,192982,Excellent,2,72780
Nissan Altima,140093,264386,Poor,4,295052
Volvo S60,267215,226553,Good,19,202656
Volvo S60,480815,290337,Average,6,179024
Volvo S60,232992,157556,Good,1,110706
Honda Accord,209601,225246,Good,17,178735
Honda Accord,85954,56160,Average,8,132019
Nissan Altima,77856,276242,Poor,19,202453
Toyota Camry,52573,47633,Average,1,189001
Toyota Camry,85367,79104,Good,5,281487
Acura TLX,287804,98388,Average,16,110260
Honda Accord,411752,46014,Good,6,180863
Tesla Model 3,372918,122578,Good,8,170206
BMW 3 Series,73752,194827,Average,13,188173
Chevrolet Malibu,367173,70390,Excellent,16,79443
Kia Optima,198757,121658,Average,3,240183
Volvo S60,442426,87993,Excellent,19,145899
BMW 3 Series,363837,235768,Good,12,106143
Nissan Altima,166739,188285,Good,16,203725
Cadillac ATS,368105,276860,Excellent,11,154771
Honda Accord,288009,299565,Good,10,258044
BMW 3 Series,306028,248008,Excellent,4,146385
Kia Optima,257980,47727,Excellent,12,154670
Jaguar XE,306609,34358,Good,2,121362
Jaguar XE,438822,287681,Poor,19,256517
Toyota Camry,386676,124018,Excellent,5,210462
Volkswagen Passat,394138,156888,Average,8,186298
BMW 3 Series,368277,259104,Average,7,69550
Jaguar XE,373412,223510,Good,14,275702
Ford Mustang,481459,139847,Poor,3,196950
Cadillac ATS,238456,106329,Good,18,68219
Chevrolet Malibu,81653,61007,Poor,16,176258
Acura TLX,207729,200604,Excellent,19,174841
Ford Mustang,483168,42323,Excellent,19,261004
Acura TLX,465396,142356,Excellent,18,267336
Cadillac ATS,278504,140944,Excellent,16,246495
Mercedes-Benz C-Class,171829,234451,Average,8,63218
Cadillac ATS,178377,61367,Average,1,291373
Volkswagen Passat,51622,84624,Good,17,37877
Toyota Camry,98756,264565,Poor,12,199073
Audi A4,90809,98008,Excellent,11,157878
Mercedes-Benz C-Class,66725,146492,Excellent,5,229707
Infiniti Q50,242468,102240,Poor,12,251249
Audi A4,101226,231659,Poor,17,47034
Toyota Camry,131182,165327,Good,6,181389
Kia Optima,79402,155703,Poor,1,198868
Infiniti Q50,54263,195575,Excellent,5,20589
Hyundai Sonata,277595,104069,Excellent,14,67221
Ford Mustang,227900,259189,Excellent,5,265927
Mercedes-Benz C-Class,97924,281051,Excellent,1,273801
Jaguar XE,386326,155541,Excellent,18,127229
Jaguar XE,274137,219648,Good,16,62227
Cadillac ATS,454880,286353,Excellent,9,275308
Volvo S60,347881,161733,Good,19,103078
Honda Accord,413476,205915,Excellent,5,245113
Toyota Camry,401707,125673,Average,2,60599
Jaguar XE,210445,72828,Average,15,256367
Tesla Model 3,217469,55592,Average,7,199651
Nissan Altima,440719,292351,Average,4,78207
Nissan Altima,151371,262041,Good,1,121426
Volkswagen Passat,88709,260008,Good,13,144794
Volkswagen Passat,242192,154982,Poor,7,181103
Ford Mustang,200322,286911,Excellent,15,220307
Acura TLX,71172,98619,Average,14,31438
Jaguar XE,61555,190400,Good,19,68819
Jaguar XE,103276,181175,Excellent,18,53856
Ford Mustang,107492,200963,Excellent,10,69807
Cadillac ATS,234074,171826,Good,9,53461
Toyota Camry,306010,261055,Average,8,103474
Cadillac ATS,401743,128540,Poor,10,292579
Kia Optima,272320,132747,Excellent,17,225189
Volvo S60,467978,216994,Poor,2,264730
Audi A4,61046,59301,Average,6,256732
Chevrolet Malibu,278071,252724,Average,5,172793
BMW 3 Series,428165,223783,Poor,9,64786
Audi A4,471985,202395,Average,5,285848
Cadillac ATS,234374,48752,Excellent,18,66635
Ford Mustang,466366,243277,Poor,9,250909
Jaguar XE,316997,174467,Average,17,255984
Ford Mustang,170900,247029,Poor,17,122752
Infiniti Q50,465008,86273,Excellent,12,221194
Subaru Outback,109129,288503,Average,7,238584
Infiniti Q50,287091,121878,Excellent,3,142886
Honda Accord,255550,297039,Average,10,88537
Ford Mustang,294883,149968,Good,2,157580
Jaguar XE,164130,106559,Average,3,95166
Volkswagen Passat,475203,40699,Poor,16,219988
Chevrolet Malibu,196922,226133,Average,2,204840
Toyota Camry,455328,39715,Excellent,10,44785
Chevrolet Malibu,171789,49169,Excellent,6,173052
Toyota Camry,205130,148413,Average,11,241791
Subaru Outback,226492,149264,Poor,7,76253
Jaguar XE,88890,297926,Good,15,101128
Cadillac ATS,116017,249249,Poor,6,171081
Audi A4,228376,154481,Good,9,120966
Mercedes-Benz C-Class,213993,245400,Excellent,12,147854
Ford Mustang,182596,65585,Poor,19,109352
Volvo S60,150424,208936,Good,3,149379
Toyota Camry,327192,68067,Average,15,233279
Jaguar XE,478327,203757,Excellent,2,247281
Tesla Model 3,218976,283334,Average,2,118297
Acura TLX,367056,48073,Excellent,3,216946
Subaru Outback,84008,66035,Poor,6,48346
BMW 3 Series,443276,226049,Poor,15,122138
BMW 3 Series,255738,263782,Excellent,10,50149
Mazda 6,133559,120373,Excellent,9,168598
Acura TLX,105337,120517,Excellent,1,138447
Audi A4,422760,95450,Poor,16,15695
Honda Accord,325494,40382,Good,6,49169
Toyota Camry,74354,232043,Average,9,188296
Lexus ES,95186,251427,Average,4,166625
Toyota Camry,78145,91929,Poor,2,196098
Nissan Altima,477236,263483,Average,4,202994
Jaguar XE,136123,258590,Excellent,1,11881
Acura TLX,256258,173401,Good,19,89211
Chevrolet Malibu,266541,286677,Average,10,166078
Ford Mustang,70581,117468,Good,15,237203
Volvo S60,138929,64594,Excellent,19,205558
Volvo S60,335195,221703,Average,16,146949
Tesla Model 3,101474,75033,Poor,4,49553
Subaru Outback,141748,93133,Good,2,145758
BMW 3 Series,175995,103861,Excellent,13,42766
Ford Mustang,295690,213362,Good,1,41422
Volkswagen Passat,381770,70461,Average,17,284349
Nissan Altima,319104,108222,Average,13,164599
Volvo S60,478988,142020,Poor,4,252555
Subaru Outback,464736,298865,Excellent,7,38202
Ford Mustang,230553,50609,Excellent,17,223456
Toyota Camry,86408,160513,Poor,9,30855
Cadillac ATS,406150,233981,Poor,4,201444
Toyota Camry,309568,134211,Excellent,19,297239
Ford Mustang,369278,216321,Good,1,113119
Infiniti Q50,201563,59984,Good,10,62003
Hyundai Sonata,182413,148947,Poor,4,104837
Ford Mustang,225695,234894,Good,9,233068
Audi A4,140327,35901,Excellent,13,133805
Subaru Outback,443554,192624,Average,14,295071
Infiniti Q50,252503,252317,Average,10,125657
Lexus ES,193326,198757,Good,6,114428
Honda Accord,232932,175788,Poor,16,132035
Hyundai Sonata,61344,144099,Poor,6,240780
Honda Accord,444966,41138,Poor,17,227282
Volvo S60,497972,196370,Poor,10,79518
Audi A4,117957,53429,Poor,18,186355
Toyota Camry,155423,80200,Good,18,153277
Volkswagen Passat,370197,232380,Average,3,130243
Kia Optima,196968,278289,Average,15,284892
Jaguar XE,236833,275127,Good,15,63311
Mercedes-Benz C-Class,243624,266513,Poor,4,32692
Hyundai Sonata,301147,47347,Good,9,134954
Ford Mustang,127454,177992,Average,19,164934
Infiniti Q50,307594,61822,Excellent,17,231468
Mazda 6,402744,70108,Good,11,90152
Mercedes-Benz C-Class,434876,37967,Poor,9,14926
Chevrolet Malibu,471151,41871,Average,10,13969
Mazda 6,87641,255371,Average,18,45733
Cadillac ATS,79711,238524,Average,13,51743
Toyota Camry,382486,235342,Average,8,140193
Audi A4,419040,194685,Poor,7,180948
Subaru Outback,193254,58179,Excellent,17,30323
Jaguar XE,137833,281537,Average,15,288572
Subaru Outback,368420,213260,Good,15,44578
Tesla Model 3,331685,65262,Excellent,1,96486
Acura TLX,406601,90545,Average,14,267450
Lexus ES,94813,264555,Excellent,5,117325
Honda Accord,218270,253894,Good,11,278508
Honda Accord,189892,233218,Average,16,141763
Acura TLX,336214,72913,Good,2,267971
Volvo S60,454338,280497,Poor,8,105598
Cadillac ATS,392703,207404,Average,11,207539
Hyundai Sonata,254615,186104,Average,18,186968
BMW 3 Series,91786,198918,Average,3,67062
Lexus ES,276006,220546,Average,1,238338
Kia Optima,280876,74936,Poor,11,220834
Nissan Altima,449953,190866,Average,16,154933
Toyota Camry,348206,222660,Excellent,18,237909
Audi A4,497453,232056,Average,16,98302
Tesla Model 3,363715,255469,Poor,10,73928
Tesla Model 3,337654,58141,Average,18,224303
Nissan Altima,331570,167478,Excellent,6,51347
Mercedes-Benz C-Class,87265,127359,Poor,19,13121
Chevrolet Malibu,461066,184363,Poor,4,93793
BMW 3 Series,299321,71568,Excellent,13,38164
Mazda 6,116150,127539,Excellent,14,297635
Cadillac ATS,137312,76851,Excellent,3,69222
Lexus ES,139613,84823,Excellent,10,164237
Ford Mustang,387054,53312,Excellent,6,13748
Audi A4,364519,229900,Poor,1,36553
Cadillac ATS,171826,279062,Poor,14,126547
Jaguar XE,85435,62371,Average,8,70380
Mazda 6,408587,87022,Average,19,54331
Infiniti Q50,260017,129071,Good,14,237105
Hyundai Sonata,184055,212268,Average,10,130617
Acura TLX,201734,129853,Average,17,85910
Volvo S60,335654,61174,Excellent,9,217288
Acura TLX,259259,106373,Excellent,6,20068
Nissan Altima,222070,223021,Average,11,64460
Volkswagen Passat,144071,223718,Good,7,56418
Tesla Model 3,318784,100017,Excellent,17,298350
Toyota Camry,356691,93037,Average,1,138180
Toyota Camry,366764,119818,Average,5,272431
Lexus ES,196389,36548,Poor,9,32337
Honda Accord,165608,146981,Good,18,161738
Jaguar XE,319708,264213,Poor,2,257667
Audi A4,208417,234366,Good,11,142233
Mazda 6,163824,184249,Excellent,6,108064
Toyota Camry,304444,136297,Good,8,256686
Jaguar XE,129273,166614,Average,4,13178
Mercedes-Benz C-Class,387003,252084,Average,18,41831
Nissan Altima,261837,90428,Good,11,143248
Ford Mustang,160017,183812,Good,5,113306
Tesla Model 3,173618,143132,Good,15,174726
Jaguar XE,495609,217604,Poor,18,264292
Acura TLX,175341,46052,Good,2,193622
Nissan Altima,341574,130689,Excellent,11,185982
Subaru Outback,256604,208148,Poor,13,100417
Nissan Altima,77788,161743,Poor,4,199323
Lexus ES,276577,292307,Good,7,21984
Volvo S60,491759,165870,Excellent,11,99312
Subaru Outback,457135,150575,Poor,4,202458
Cadillac ATS,381490,288230,Average,15,93291
Nissan Altima,408266,40749,Poor,1,279279
Tesla Model 3,89974,134131,Good,3,10320
Jaguar XE,419453,186193,Excellent,14,162756
Jaguar XE,66371,255019,Good,6,236921
Mercedes-Benz C-Class,357228,102930,Average,18,189971
Chevrolet Malibu,472845,175128,Average,1,265083
Toyota Camry,232256,286553,Average,6,119863
Nissan Altima,374060,225113,Good,6,51777
Hyundai Sonata,123972,83352,Poor,16,56250
Nissan Altima,243259,193856,Good,5,190418
Chevrolet Malibu,325128,33191,Excellent,17,225834
Honda Accord,345183,134576,Poor,10,25216
Cadillac ATS,135431,225713,Average,18,13009
Hyundai Sonata,395835,33631,Good,7,170399
Acura TLX,370750,167244,Average,3,155281
Toyota Camry,453832,250169,Average,13,189515
Nissan Altima,414809,120353,Excellent,15,25029
Mazda 6,155373,58671,Poor,19,220515
Chevrolet Malibu,231144,152811,Excellent,3,198069
Jaguar XE,336718,212503,Excellent,4,124456
Jaguar XE,446646,251972,Excellent,5,252471
Honda Accord,300195,283211,Average,1,43783
Volvo S60,193748,254033,Excellent,4,44152
Cadillac ATS,454032,249861,Excellent,12,68741
Tesla Model 3,82733,184544,Poor,10,39092
Infiniti Q50,266752,210302,Poor,13,158725
Ford Mustang,52050,37099,Excellent,14,240636
Toyota Camry,159996,279686,Poor,5,181541
Toyota Camry,83933,86492,Poor,4,264136
Acura TLX,74951,126722,Excellent,14,171050
Kia Optima,82413,60111,Average,10,97592
Nissan Altima,215873,93936,Excellent,17,53169
Tesla Model 3,236691,183686,Poor,10,64745
Ford Mustang,476129,253332,Average,7,120168
Toyota Camry,424717,231548,Good,16,123985
Toyota Camry,483816,279031,Average,1,277687
Audi A4,238847,93530,Poor,17,197464
Hyundai Sonata,271888,299932,Average,9,31067
Kia Optima,311044,58082,Excellent,6,61033
Tesla Model 3,271165,119570,Good,19,55256
Mazda 6,293662,131015,Good,13,231705
Tesla Model 3,216472,237888,Good,3,249455
Subaru Outback,447710,177603,Poor,7,210417
Honda Accord,261760,124439,Poor,9,96803
Acura TLX,172744,171214,Good,5,213814
Infiniti Q50,401575,145053,Average,10,128843
Ford Mustang,255763,78355,Good,17,38992
Volvo S60,93001,231139,Average,12,222603
Audi A4,117364,264706,Average,16,58803
Hyundai Sonata,437132,155426,Poor,3,204549
Honda Accord,357172,94027,Average,9,154282
Acura TLX,288506,189210,Good,15,36270
Volkswagen Passat,278731,122601,Poor,5,254929
Mercedes-Benz C-Class,480789,59956,Excellent,13,17452
Chevrolet Malibu,181878,268340,Excellent,14,24859
Infiniti Q50,436487,134797,Poor,15,42083
Mazda 6,237710,166511,Good,16,121462
Kia Optima,178301,108815,Excellent,13,157735
Chevrolet Malibu,438439,69279,Excellent,17,259737
Chevrolet Malibu,210829,178702,Average,8,291197
Hyundai Sonata,84636,91063,Average,2,152157
Nissan Altima,261169,279599,Good,5,200167
Volkswagen Passat,229352,284311,Poor,6,79517
Ford Mustang,336406,157896,Good,12,162225
Volvo S60,392579,196216,Poor,18,146319
Ford Mustang,243283,252146,Excellent,1,236453
Jaguar XE,498058,238432,Average,17,146645
Chevrolet Malibu,440727,212051,Good,11,89267
Infiniti Q50,295596,127661,Good,10,148261
Volvo S60,481413,203672,Poor,19,141004
Mercedes-Benz C-Class,353988,153257,Poor,14,63687
Nissan Altima,376898,299054,Good,10,117615
Tesla Model 3,477373,64964,Poor,15,37564
Volvo S60,389273,260156,Good,19,17697
Mazda 6,352186,138212,Good,4,90165
Ford Mustang,111665,69071,Good,2,214994
Volkswagen Passat,296584,142990,Excellent,9,67823
Volvo S60,166953,99519,Poor,10,19615
Volvo S60,208448,39503,Average,11,86436
Cadillac ATS,236626,221775,Average,14,201591
Jaguar XE,195271,125457,Poor,7,44782
Mazda 6,168533,218938,Good,15,88533
Acura TLX,494164,177977,Average,19,250011
Volvo S60,123781,75838,Average,15,199327
Chevrolet Malibu,116262,119489,Poor,8,82684
Tesla Model 3,358744,56806,Average,11,267165
Volkswagen Passat,126898,206072,Good,9,225356
Acura TLX,199369,100119,Poor,15,226621
Tesla Model 3,80448,215165,Good,1,245295
Volkswagen Passat,338316,135432,Average,1,261435
Mercedes-Benz C-Class,486090,207876,Average,19,267424
Subaru Outback,57657,114080,Good,3,278782
Cadillac ATS,306689,282791,Excellent,10,43377
Acura TLX,468641,107794,Average,8,116244
Lexus ES,469901,154447,Excellent,15,184188
Jaguar XE,424999,150029,Average,10,223363
Nissan Altima,467794,209830,Excellent,1,33382
Ford Mustang,209903,67643,Excellent,18,256375
Tesla Model 3,57906,217921,Excellent,2,197135
Cadillac ATS,373557,189116,Good,19,163466
Chevrolet Malibu,104028,45997,Excellent,13,244318
Jaguar XE,319431,128605,Excellent,1,141936
Mercedes-Benz C-Class,345804,255942,Excellent,2,133664
Mazda 6,372648,175643,Average,16,162027
Hyundai Sonata,240792,138255,Excellent,15,113533
Mercedes-Benz C-Class,152979,290298,Average,13,257997
Subaru Outback,84701,88005,Excellent,16,79590
Nissan Altima,133300,247322,Excellent,17,254936
Ford Mustang,291249,219784,Good,7,58924
Kia Optima,198746,73541,Average,17,19726
Kia Optima,133560,53387,Excellent,7,201896
Infiniti Q50,292615,209980,Average,13,50542
Lexus ES,467090,115457,Average,5,44753
Tesla Model 3,93642,174129,Poor,17,293460
Volkswagen Passat,377304,94028,Good,3,243979
Hyundai Sonata,329746,149246,Good,7,94698
Tesla Model 3,415464,185930,Good,17,288104
Volvo S60,138801,209761,Poor,7,40791
BMW 3 Series,338075,74638,Poor,1,297360
Mercedes-Benz C-Class,144377,207558,Good,17,83290
Subaru Outback,341336,50567,Poor,17,57014
Mazda 6,358686,87804,Poor,11,145150
Audi A4,439159,33754,Poor,3,60519
Hyundai Sonata,354664,57044,Good,15,276186
Volkswagen Passat,376916,97260,Good,11,59052
Infiniti Q50,362250,96912,Good,16,24389
Honda Accord,131121,286695,Poor,9,78111
Nissan Altima,75559,38706,Good,1,167753
Nissan Altima,417739,212684,Poor,16,99524
BMW 3 Series,83742,59725,Excellent,9,296848
Acura TLX,381813,166998,Poor,19,104913
Audi A4,202826,134555,Average,12,104108
Jaguar XE,185044,291486,Good,19,264803
Mazda 6,382975,86447,Good,9,279637
Toyota Camry,162217,190878,Average,7,79639
Cadillac ATS,91873,71321,Poor,14,241452
Volvo S60,418676,283113,Excellent,19,144066
Mercedes-Benz C-Class,438411,263103,Average,19,210352
Mazda 6,453119,85147,Average,2,138674
Chevrolet Malibu,184092,121396,Poor,9,15594
Chevrolet Malibu,353899,274839,Good,13,246907
BMW 3 Series,398100,51727,Poor,15,279515
Acura TLX,136988,269423,Average,3,57315
Tesla Model 3,95648,125081,Average,11,224636
Mercedes-Benz C-Class,175991,271130,Good,14,137251
Hyundai Sonata,452732,98056,Good,8,242520
Acura TLX,427149,164153,Good,18,89526
Mercedes-Benz C-Class,52396,195268,Poor,19,253459
Ford Mustang,134082,197807,Good,16,157698
Mazda 6,462345,265821,Average,2,247330
Mazda 6,178322,110102,Average,8,115573
Infiniti Q50,182663,186570,Excellent,6,147900
Cadillac ATS,61303,106865,Poor,12,245707
Audi A4,211633,192728,Excellent,15,193736
Volkswagen Passat,383863,97695,Average,8,158955
Mercedes-Benz C-Class,299690,147235,Excellent,4,184131
Toyota Camry,309820,138777,Average,15,184004
Ford Mustang,149616,49033,Excellent,17,274179
Mazda 6,436309,171877,Good,13,119767
Volvo S60,136231,196923,Excellent,18,27241
Toyota Camry,319458,56832,Good,2,62975
BMW 3 Series,69623,224509,Good,13,164226
BMW 3 Series,248747,175016,Poor,13,66396
Tesla Model 3,155228,70372,Good,15,128920
Mazda 6,476346,119464,Good,10,204999
Mazda 6,232828,176451,Excellent,3,96226
Lexus ES,409768,147322,Average,19,94719
Jaguar XE,207364,197823,Poor,3,73014
Kia Optima,423929,250894,Good,14,49346
Nissan Altima,398350,297254,Poor,8,80411
Chevrolet Malibu,119274,130483,Excellent,4,195550
Ford Mustang,183541,39596,Good,11,153326
Acura TLX,103947,264627,Excellent,11,196806
Cadillac ATS,203606,137539,Poor,11,56121
Infiniti Q50,244692,48313,Excellent,2,222490
Lexus ES,98874,227621,Poor,17,94577
Volkswagen Passat,99708,144914,Excellent,9,259106
Volvo S60,124553,53705,Poor,2,145909
Subaru Outback,118344,228436,Average,15,11466
Lexus ES,361282,133892,Excellent,16,239638
Toyota Camry,235374,239717,Excellent,4,98422
Ford Mustang,97638,294167,Average,8,274037
Jaguar XE,128249,149654,Average,9,106907
Kia Optima,418009,220868,Excellent,5,218434
Tesla Model 3,52719,110073,Average,16,228532
Hyundai Sonata,203962,94429,Good,13,268093
Jaguar XE,479725,134195,Poor,7,162271
Audi A4,92534,222699,Poor,17,215400
BMW 3 Series,142241,63848,Poor,3,177477
Tesla Model 3,462003,98099,Good,5,239304
Audi A4,176209,99122,Average,19,25989
Chevrolet Malibu,492061,177159,Average,12,281434
Audi A4,239004,78868,Excellent,7,131136
Infiniti Q50,142124,149119,Average,9,217370
Nissan Altima,141659,298787,Excellent,6,136299
Volkswagen Passat,214134,139079,Good,17,171205
Chevrolet Malibu,125713,46029,Poor,16,253688
Volvo S60,268335,276353,Poor,3,115686
Volkswagen Passat,125418,224718,Poor,4,92666
Toyota Camry,178232,98926,Average,10,198728
Cadillac ATS,478048,167069,Excellent,5,145705
Mazda 6,213038,72092,Excellent,10,117573
Jaguar XE,456203,182889,Good,12,238892
Mazda 6,218383,198933,Average,10,279152
Subaru Outback,343719,43428,Good,13,168477
Ford Mustang,375996,205006,Excellent,11,258141
BMW 3 Series,308722,276627,Excellent,16,100909
Infiniti Q50,182079,275439,Poor,8,161899
Acura TLX,252053,171330,Average,8,70354
Nissan Altima,126242,87775,Excellent,8,28157
Lexus ES,228589,242652,Poor,13,45315
Honda Accord,79257,297613,Average,2,155486
Hyundai Sonata,485423,167328,Good,12,268669
Infiniti Q50,194353,285158,Average,10,142018
Mazda 6,373390,106256,Average,12,286837
Nissan Altima,313579,162723,Excellent,11,299385
Toyota Camry,279947,211360,Excellent,15,105790
Toyota Camry,281758,272634,Average,16,82255
Infiniti Q50,141357,63787,Excellent,17,205829
Lexus ES,207732,51621,Excellent,2,182275
Volvo S60,448300,107984,Excellent,18,202933
Kia Optima,456723,60447,Poor,12,271439
Volvo S60,253667,158046,Poor,19,21350
Mazda 6,133807,245002,Average,18,196584
Toyota Camry,488755,191326,Excellent,17,111894
Honda Accord,428097,146859,Poor,6,41728
Volkswagen Passat,188563,218490,Average,15,289720
Ford Mustang,308778,33471,Excellent,3,93384
Toyota Camry,231264,268404,Good,6,10390
Jaguar XE,435941,150312,Excellent,3,21569
BMW 3 Series,376032,256876,Excellent,1,32490
Volvo S60,123609,169401,Poor,13,278011
Nissan Altima,321221,195937,Average,14,90820
Nissan Altima,298512,76850,Average,13,281265
BMW 3 Series,303973,273306,Poor,4,11539
Ford Mustang,333097,123808,Excellent,7,73965
Nissan Altima,426826,167469,Good,10,107799
Nissan Altima,380033,258981,Excellent,7,103948
Hyundai Sonata,204893,196597,Excellent,15,153314
Hyundai Sonata,480783,83072,Good,15,258099
Acura TLX,165374,251178,Poor,4,281091
Volvo S60,74860,113820,Average,6,253322
Subaru Outback,202267,53284,Poor,5,212538
Volkswagen Passat,127475,113369,Poor,12,244778
Subaru Outback,399410,242978,Excellent,1,265821
Toyota Camry,202499,92812,Average,8,202888
Acura TLX,412876,163168,Average,1,272651
Mazda 6,339227,274809,Poor,5,168223
Mazda 6,268118,282164,Good,6,21618
Chevrolet Malibu,369516,275317,Poor,3,288266
Toyota Camry,173786,180787,Good,15,148426
Volvo S60,487280,190381,Average,5,96436
Audi A4,57813,176150,Poor,14,220448
Honda Accord,81598,35105,Excellent,18,146109
Audi A4,307951,294983,Poor,16,38633
Mercedes-Benz C-Class,143106,98920,Average,6,296639
Honda Accord,339226,72821,Excellent,14,222456
Ford Mustang,341385,155736,Excellent,8,148442
Infiniti Q50,277286,47069,Good,7,129873
Tesla Model 3,487785,37531,Excellent,8,81947
Toyota Camry,61745,168808,Excellent,13,180205
Tesla Model 3,338173,168782,Poor,6,237107
Nissan Altima,194097,97155,Average,18,105761
Volvo S60,282732,92424,Good,2,38926
Jaguar XE,435539,162503,Poor,8,114700
Lexus ES,195360,235675,Excellent,11,59593
Lexus ES,139186,198553,Excellent,1,15209
Nissan Altima,449756,170629,Good,6,136700
Subaru Outback,409912,161234,Average,16,96597
Honda Accord,263030,49675,Good,12,279355
Kia Optima,249950,103997,Poor,11,19927
Acura TLX,91846,178087,Good,10,218535
Mercedes-Benz C-Class,388076,261390,Excellent,3,127333
BMW 3 Series,198554,170905,Poor,13,165666
Honda Accord,335555,281435,Excellent,3,215924
BMW 3 Series,494191,71800,Average,15,218785
Infiniti Q50,390941,126044,Excellent,16,149005
Honda Accord,364451,297491,Excellent,13,113780
Infiniti Q50,446309,220135,Good,17,50696
Lexus ES,334186,163715,Excellent,3,206521
Acura TLX,102930,47073,Poor,11,167195
Honda Accord,298656,60682,Poor,19,60013
Cadillac ATS,487629,258870,Average,11,226486
BMW 3 Series,294459,257966,Poor,16,249350
Toyota Camry,274695,145359,Good,3,36140
Lexus ES,410027,96707,Average,6,273328
Hyundai Sonata,345900,281351,Poor,14,165918
Acura TLX,103268,268511,Good,18,121361
Volvo S60,482430,265718,Poor,17,163267
Nissan Altima,262943,95428,Poor,4,277750
Chevrolet Malibu,308916,80601,Excellent,15,26555
Hyundai Sonata,471818,141487,Poor,11,100385
Volvo S60,234403,183741,Poor,3,265658
Hyundai Sonata,98901,281924,Good,3,167419
Volvo S60,412130,289153,Good,16,239797
Cadillac ATS,244488,279430,Excellent,5,113844
Nissan Altima,213268,152788,Poor,10,101321
Honda Accord,440530,127239,Excellent,19,204923
BMW 3 Series,317770,56928,Poor,4,108234
Honda Accord,188496,92292,Average,19,237705
Mazda 6,325001,59055,Average,11,211283
Kia Optima,291531,111912,Excellent,2,299987
Kia Optima,296693,167660,Excellent,10,39793
Jaguar XE,463198,298448,Excellent,11,158929
Kia Optima,445196,37345,Good,16,29627
Acura TLX,229362,190372,Good,19,232633
Lexus ES,76431,121006,Good,11,234440
Jaguar XE,397120,159350,Excellent,14,185188
Kia Optima,288360,194437,Poor,2,268191
Jaguar XE,394855,294480,Average,5,133099
Audi A4,76385,236487,Excellent,5,219074
Chevrolet Malibu,481374,127852,Good,19,183686
Audi A4,466235,168593,Good,12,284864
Chevrolet Malibu,330783,232779,Excellent,18,117449
Ford Mustang,135530,184553,Excellent,4,112828
Ford Mustang,280983,207832,Good,17,136613
Infiniti Q50,333707,75232,Poor,10,82095
Acura TLX,482557,289013,Good,6,115924
Acura TLX,427816,239093,Good,14,106452
Nissan Altima,448992,209017,Excellent,11,97593
Infiniti Q50,479660,43140,Poor,11,176964
Hyundai Sonata,451927,113457,Good,18,136202
BMW 3 Series,255390,44357,Good,18,87606
Toyota Camry,395114,141672,Average,11,133769
Nissan Altima,293373,151673,Excellent,12,128542
Volkswagen Passat,397697,95633,Average,5,273068
Tesla Model 3,211779,238015,Average,9,61322
Subaru Outback,220182,126111,Good,9,167550
Honda Accord,242860,99286,Excellent,10,81042
Volvo S60,132879,123269,Poor,19,56418
Subaru Outback,482043,288635,Good,1,110699
Mazda 6,288260,104071,Poor,7,100140
Volkswagen Passat,448871,251095,Poor,4,21781
Lexus ES,357003,60651,Excellent,1,107628
Lexus ES,496841,100202,Average,15,86946
Kia Optima,364242,78777,Excellent,8,95058
Jaguar XE,196323,178066,Poor,12,161542
Volvo S60,172413,220706,Good,18,280675
Chevrolet Malibu,312670,130158,Poor,15,52674
Toyota Camry,380904,269647,Good,17,137572
Audi A4,97837,173891,Good,14,235730
Volvo S60,310550,235977,Excellent,14,67174
Ford Mustang,323680,93870,Poor,18,283423
Cadillac ATS,78541,39283,Average,18,266008
Lexus ES,129083,191645,Poor,16,63051
Lexus ES,494243,35774,Poor,1,213085
Subaru Outback,84531,233127,Average,11,75524
Subaru Outback,320856,172055,Excellent,15,278614
Honda Accord,416245,126468,Poor,12,241189
Mazda 6,377599,30781,Poor,8,54439
Subaru Outback,124744,144586,Good,6,286452
Acura TLX,302859,36823,Poor,3,101563
Mercedes-Benz C-Class,179749,48489,Average,13,237328
Ford Mustang,317253,201033,Good,13,216314
Lexus ES,361412,130417,Excellent,2,19837
Subaru Outback,281809,111816,Good,5,245207
Kia Optima,366759,183335,Average,17,128128
Lexus ES,132503,181426,Average,6,177896
Mazda 6,304346,204023,Good,2,174145
Infiniti Q50,472975,53648,Excellent,4,107624
BMW 3 Series,135708,71971,Good,11,199933
Ford Mustang,241184,48658,Excellent,8,40063
Acura TLX,152471,51253,Good,12,79453
Lexus ES,304225,209635,Average,8,264371
Nissan Altima,207661,187462,Poor,11,112166
Hyundai Sonata,211087,212650,Poor,8,24506
Mercedes-Benz C-Class,210081,240097,Excellent,8,235413
Volvo S60,395453,133850,Excellent,17,123604
Mercedes-Benz C-Class,438590,167924,Excellent,16,36026
Tesla Model 3,243118,256058,Average,14,265116
Volvo S60,418805,163623,Good,11,200285
Mazda 6,207215,91001,Average,7,60971
Cadillac ATS,56154,210231,Poor,16,123978
Chevrolet Malibu,202876,152775,Excellent,13,169163
Hyundai Sonata,484904,63243,Good,15,113864
Ford Mustang,114288,182872,Poor,16,105386
Volkswagen Passat,101195,291716,Poor,9,96126
Mazda 6,332725,298854,Poor,3,172023
Infiniti Q50,495864,201918,Average,19,90863
Lexus ES,342231,249055,Excellent,5,135659
Chevrolet Malibu,231002,240129,Poor,10,200944
Lexus ES,214053,238139,Excellent,17,17235
Honda Accord,119298,110257,Average,15,72712
Lexus ES,358311,36530,Poor,8,162545
Audi A4,256376,95794,Average,15,208639
Audi A4,486624,240545,Average,14,247890
Volvo S60,89499,162970,Excellent,7,135849
Tesla Model 3,437960,34135,Poor,12,265493
Acura TLX,495485,280870,Average,17,89823
Hyundai Sonata,219631,119087,Poor,17,114215
Volkswagen Passat,295198,226103,Excellent,10,251071
Nissan Altima,292997,50074,Average,19,42230
BMW 3 Series,146347,251796,Excellent,14,233660
Cadillac ATS,360931,97843,Poor,11,189736
Honda Accord,347632,69901,Poor,2,133246
Mazda 6,386585,298050,Excellent,18,94817
BMW 3 Series,255735,92987,Good,7,248657
Nissan Altima,72431,84400,Average,12,227033
Toyota Camry,373825,186222,Poor,2,241414
BMW 3 Series,244555,61852,Poor,18,266812
BMW 3 Series,172720,149052,Average,6,80219
Jaguar XE,99153,86481,Excellent,10,180956
Chevrolet Malibu,318512,293427,Excellent,15,267134
Kia Optima,470640,63691,Excellent,5,31650
Volkswagen Passat,424504,228137,Good,3,180521
Ford Mustang,226076,56170,Good,5,180733
Acura TLX,269724,38438,Poor,8,252037
Audi A4,424899,177226,Excellent,8,90428
Nissan Altima,106985,85426,Average,8,216251
Chevrolet Malibu,362213,269968,Poor,12,19943
BMW 3 Series,364470,185289,Average,8,184312
Honda Accord,158737,291501,Poor,11,31042
Cadillac ATS,262133,249780,Good,14,262842
Kia Optima,204470,176108,Poor,8,196443
Chevrolet Malibu,279465,238347,Good,10,161990
Lexus ES,100861,127756,Poor,7,224304
BMW 3 Series,388041,125665,Excellent,17,154923
Volvo S60,262977,161717,Average,4,211904
BMW 3 Series,177118,192002,Excellent,13,197428
Acura TLX,380721,291691,Poor,4,155817
Honda Accord,246713,111835,Poor,5,15730
Lexus ES,59078,152232,Poor,4,239502
Kia Optima,468219,248561,Good,18,212210
Audi A4,374912,273051,Average,6,224183
Acura TLX,101047,187547,Average,2,29023
Mazda 6,383770,73732,Poor,11,136796
Tesla Model 3,369804,242695,Poor,14,294981
Nissan Altima,285458,207109,Good,5,186111
BMW 3 Series,493002,39346,Excellent,6,30923
Chevrolet Malibu,445141,292731,Excellent,10,281020
Acura TLX,265048,42763,Average,8,204795
Cadillac ATS,286293,220237,Good,14,243462
Toyota Camry,167832,268553,Poor,3,61413
Cadillac ATS,442550,150987,Average,12,265719
Volvo S60,175150,246823,Good,16,38756
Tesla Model 3,207087,121353,Excellent,17,128248
Lexus ES,83320,251373,Good,1,282448
Toyota Camry,377025,55556,Excellent,10,40341
Subaru Outback,140827,48099,Good,10,137039
BMW 3 Series,414359,206168,Average,2,201830
Nissan Altima,469505,233058,Excellent,9,172730
Kia Optima,309931,174302,Average,13,190074
Chevrolet Malibu,446605,232041,Average,16,244390
Mazda 6,468899,63866,Excellent,18,142447
Kia Optima,456845,135400,Excellent,19,109485
Ford Mustang,373694,167488,Poor,12,294236
Toyota Camry,74826,102516,Poor,8,141562
BMW 3 Series,150734,216987,Poor,17,13729
Infiniti Q50,207702,219139,Average,15,147046
Hyundai Sonata,279834,188588,Average,10,128222
Nissan Altima,227235,159295,Poor,15,93860
Hyundai Sonata,148511,117969,Average,15,268360
Tesla Model 3,323797,162161,Average,7,31398
Honda Accord,209033,235735,Excellent,13,113889
Mazda 6,131941,171559,Excellent,17,275303
Audi A4,255209,292299,Average,9,235959
Honda Accord,345806,153950,Poor,8,112834
Cadillac ATS,148818,106229,Good,18,31638
Toyota Camry,499662,134648,Poor,13,273217
Nissan Altima,202360,68547,Good,16,225379
Volkswagen Passat,303627,58795,Poor,9,242069
Volvo S60,145081,216368,Excellent,12,39320
Volkswagen Passat,86877,51447,Average,12,44924
Kia Optima,423706,197670,Average,6,222792
Lexus ES,458529,251823,Excellent,19,181097
BMW 3 Series,261957,286190,Good,7,12159
Ford Mustang,122715,236402,Good,3,58940
Volvo S60,191398,282419,Good,16,89436
Nissan Altima,160091,259817,Excellent,18,24678
Tesla Model 3,182632,85077,Good,16,202147
Infiniti Q50,391292,142782,Excellent,7,147844
Subaru Outback,133186,132932,Poor,4,77163
Kia Optima,469961,216339,Poor,8,251040
Volkswagen Passat,212962,128696,Excellent,13,214827
Honda Accord,201094,80939,Average,13,164536
Tesla Model 3,435773,217598,Poor,17,61137
Ford Mustang,495795,171521,Good,17,110485
Ford Mustang,120316,80290,Excellent,5,250970
Toyota Camry,78380,97990,Good,6,115468
Audi A4,160198,88810,Good,19,10901
Audi A4,314500,148362,Average,13,97980
Kia Optima,120326,176295,Good,14,275025
Volkswagen Passat,404591,163669,Average,4,252434
Nissan Altima,164994,226749,Poor,7,212258
Subaru Outback,270971,294803,Excellent,8,261839
Ford Mustang,332193,116516,Good,13,82572
Nissan Altima,417505,104567,Excellent,6,49255
Nissan Altima,328226,156498,Good,6,73212
Acura TLX,312805,207810,Excellent,3,32499
Subaru Outback,218484,42109,Good,3,112552
Chevrolet Malibu,315064,269472,Good,13,71360
Mazda 6,295378,169544,Good,2,153704
Hyundai Sonata,391705,276183,Good,16,171679
Infiniti Q50,321090,184455,Good,6,101873
Audi A4,275314,274325,Good,8,75756
Audi A4,488716,64518,Good,8,204454
Mercedes-Benz C-Class,285612,83909,Good,6,37464
Audi A4,328453,230696,Good,14,131897
Subaru Outback,105230,45282,Excellent,3,93791
Acura TLX,423966,269017,Average,10,165371
BMW 3 Series,473243,297219,Good,3,189047
Toyota Camry,424484,209526,Average,12,142534
Lexus ES,109321,58365,Good,17,91441
Toyota Camry,182028,240294,Good,5,247612
Volvo S60,281447,146219,Excellent,9,241444
Toyota Camry,386275,86307,Poor,7,286319
Lexus ES,491124,165565,Poor,4,147263
Honda Accord,338107,285095,Excellent,13,94518
Subaru Outback,151757,64228,Average,13,221230
Audi A4,482659,240748,Poor,10,57645
Audi A4,411403,73472,Excellent,18,249608
Acura TLX,351207,167888,Excellent,17,33283
Mercedes-Benz C-Class,426369,107175,Poor,13,200195
Acura TLX,428544,94307,Average,17,112780
BMW 3 Series,392962,125028,Excellent,4,10515
BMW 3 Series,316847,172312,Good,1,238872
Ford Mustang,246200,122493,Average,1,68755
Mercedes-Benz C-Class,122099,155149,Average,15,37856
Acura TLX,469065,259416,Poor,13,83870
Audi A4,212932,232435,Poor,17,147080
Hyundai Sonata,81585,193834,Good,8,280131
Cadillac ATS,465231,211211,Excellent,18,106502
Lexus ES,93585,93095,Poor,13,76323
Lexus ES,339102,147886,Poor,14,282017
Toyota Camry,338161,65292,Average,8,223614
Cadillac ATS,436821,104813,Poor,8,177516
Mercedes-Benz C-Class,488566,127136,Poor,15,115219
Chevrolet Malibu,455417,81631,Poor,13,15033
BMW 3 Series,341570,39885,Poor,7,287833
Toyota Camry,329922,215378,Average,5,119756
Nissan Altima,226313,79812,Good,17,272210
Toyota Camry,92229,211572,Good,16,124159
Chevrolet Malibu,136652,74900,Excellent,2,186318
Honda Accord,440411,102692,Poor,18,17533
Hyundai Sonata,299474,257208,Average,17,211224
Nissan Altima,229436,76403,Excellent,7,252653
Hyundai Sonata,438647,121170,Excellent,13,119028
Toyota Camry,310116,89871,Good,18,283916
BMW 3 Series,397022,62174,Average,14,260231
Mazda 6,369200,260823,Average,18,22940
Lexus ES,470706,253563,Average,13,26932
Chevrolet Malibu,69975,167653,Good,11,236377
Mazda 6,207795,140155,Good,16,34648
Cadillac ATS,466495,157795,Good,17,42966
Lexus ES,259373,118668,Good,8,265733
Audi A4,454777,243397,Good,19,173639
Nissan Altima,247133,175639,Poor,15,256331
Lexus ES,400541,269141,Poor,9,52598
Chevrolet Malibu,230225,126019,Average,10,200271
Tesla Model 3,345286,58803,Excellent,12,185309
Mazda 6,339060,179302,Average,1,206569
Honda Accord,114324,178934,Excellent,9,141250
Acura TLX,226037,260147,Good,15,258004
Acura TLX,438076,60795,Excellent,1,27118
Chevrolet Malibu,185720,41093,Average,12,32616
Chevrolet Malibu,216205,203824,Average,3,141870
Kia Optima,493893,193399,Excellent,11,279745
Nissan Altima,146059,70197,Poor,2,297507
Cadillac ATS,148317,32261,Good,16,12795
Kia Optima,251207,187584,Good,9,107462
Hyundai Sonata,347190,165450,Average,15,275228
Audi A4,490280,70583,Poor,12,272875
BMW 3 Series,151459,190105,Excellent,1,142201
BMW 3 Series,287697,141032,Good,13,169094
Audi A4,250422,236940,Poor,14,273749
Lexus ES,358037,256727,Good,8,87506
Subaru Outback,151520,103869,Poor,8,250313
Kia Optima,437962,297554,Poor,12,54130
Tesla Model 3,111272,217116,Average,1,173402
Mazda 6,273224,224387,Good,11,156259
Audi A4,379793,232416,Excellent,8,211682
Infiniti Q50,376818,116716,Average,10,233034
Toyota Camry,194832,84245,Average,19,109694
Lexus ES,202999,73056,Excellent,11,29773
Audi A4,398619,280736,Average,7,276383
Kia Optima,111367,255683,Poor,11,293007
Tesla Model 3,279027,295972,Poor,17,78968
Tesla Model 3,455804,146656,Good,1,70430
Chevrolet Malibu,433894,47087,Good,8,260072
Jaguar XE,282750,166554,Excellent,6,11515
Chevrolet Malibu,285806,212024,Good,18,107206
Nissan Altima,430298,166535,Poor,6,255282
Nissan Altima,233305,273236,Excellent,5,245702
Audi A4,94738,100448,Excellent,13,15586
Hyundai Sonata,83397,34648,Good,19,255277
Volvo S60,394333,65634,Poor,8,41186
Volkswagen Passat,388511,52054,Excellent,9,36928
Acura TLX,252332,100028,Poor,17,239336
Subaru Outback,432729,52207,Poor,3,224159
Audi A4,388763,260893,Poor,19,30711
Volkswagen Passat,161453,111554,Good,11,64962
Kia Optima,69816,182458,Average,17,30039
Toyota Camry,485456,113276,Average,19,46561
Subaru Outback,449492,213852,Excellent,2,216555
Nissan Altima,295011,222512,Poor,8,229730
Subaru Outback,391674,38210,Good,19,11577
Chevrolet Malibu,466715,74363,Poor,7,117792
Toyota Camry,421000,272247,Poor,17,257980
Acura TLX,263567,108279,Good,6,248540
Audi A4,121635,221420,Average,19,238506
Lexus ES,419947,216356,Poor,6,222489
Lexus ES,266184,233196,Poor,2,20785
Volkswagen Passat,348090,229919,Average,6,82227
Volkswagen Passat,367348,287324,Good,5,75431
Hyundai Sonata,232958,225161,Excellent,19,257941
Cadillac ATS,327707,260363,Average,4,204844
Volkswagen Passat,142324,164393,Excellent,17,160653
Ford Mustang,273536,239754,Excellent,11,273606
Cadillac ATS,282944,153053,Average,4,205245
Kia Optima,321991,213965,Poor,13,185486
BMW 3 Series,76155,196892,Excellent,17,82573
Honda Accord,391815,164832,Excellent,9,234737
